(averages):nHouses;nSearched;nSearchedInfested;nMostHighRiskNotSearched;nHighRiskNotSearched;nMedRiskNotSearched;nLowRiskNotSearched;nMostLowRiskNotSearched;totalDistance;maxNofHousesInTriangles;averageNofHousesInTriangles;distanceToInspect;nSimsrandomMethod;578.0;14.76;0.15;112.03;3.97;2.78;3.3;2.28;2.43;3.8310234967924175;56.06;17.86;4.0;100.0
randomMethod;578.0;14.0;0.0;114.0;2.0;2.0;3.0;3.0;4.0;3.656809772986728;58.0;20.285714285714285;4.0;1.0
randomMethod;578.0;14.0;0.0;114.0;2.0;2.0;3.0;3.0;4.0;3.656809772986723;47.11;19.653445378151297;4.0;100.0
randomMethod;578.0;14.0;0.0;114.0;2.0;2.0;3.0;3.0;4.0;3.656809772986728;58.0;20.285714285714285;4.0;1.0
randomMethod;578.0;14.0;0.0;114.0;2.0;2.0;3.0;3.0;4.0;3.656809772986723;47.11;19.653445378151297;4.0;100.0
randomMethod;578.0;14.0;0.0;114.0;2.0;2.0;3.0;3.0;4.0;3.656809772986728;58.0;20.285714285714285;4.0;1.0
randomMethod;578.0;14.0;0.0;114.0;2.0;2.0;3.0;3.0;4.0;3.656809772986723;47.11;19.653445378151297;4.0;100.0
randomMethod;578.0;14.0;0.0;114.0;2.0;2.0;3.0;3.0;4.0;3.6568097729867866;47.011;19.64769747899154;4.0;1000.0
randomMethod;578.0;14.0;0.0;114.0;2.0;2.0;3.0;3.0;4.0;3.656809772986723;47.11;19.653445378151297;4.0;100.0
randomMethod;578.0;14.0;0.0;114.0;2.0;2.0;3.0;3.0;4.0;3.656809772986723;47.11;19.653445378151297;4.0;100.0